{
  "IcoMoonType": "selection",
  "icons": [
    {
      "icon": {
        "paths": [
          "M426.667 554.667c0-23.565-19.102-42.667-42.667-42.667s-42.667 19.102-42.667 42.667v85.333c0 23.565 19.103 42.667 42.667 42.667s42.667-19.102 42.667-42.667v-85.333z",
          "M170.667 303.802c-71.846 17.57-128 78.482-128 155.683v236.309c0 113.719 98.793 200.205 213.333 200.205h256c114.543 0 213.333-86.485 213.333-200.205v-236.309c0-77.201-56.154-138.113-128-155.683v-47.802c0-117.821-95.514-213.333-213.333-213.333s-213.333 95.513-213.333 213.333v47.802zM512 256v42.667h-256v-42.667c0-14.961 2.566-29.321 7.284-42.667 17.571-49.715 64.984-85.333 120.716-85.333s103.147 35.619 120.717 85.333c4.715 13.345 7.283 27.706 7.283 42.667zM128 459.486c0-38.538 34.925-75.486 85.333-75.486h341.333c50.406 0 85.333 36.948 85.333 75.486v236.309c0 60.292-54.029 114.871-128 114.871h-256c-73.972 0-128-54.579-128-114.871v-236.309z"
        ],
        "attrs": [
          {
            "fill": "rgb(121, 172, 120)",
            "opacity": 0.25
          },
          {
            "fill": "rgb(121, 172, 120)",
            "opacity": 0.25
          }
        ],
        "width": 768,
        "isMulticolor": false,
        "isMulticolor2": false,
        "grid": 0,
        "tags": [
          "lock"
        ],
        "colorPermutations": {
          "1211721201971301001": [
            {
              "f": 1
            },
            {
              "f": 1
            }
          ]
        }
      },
      "attrs": [
        {
          "fill": "rgb(121, 172, 120)",
          "opacity": 0.25
        },
        {
          "fill": "rgb(121, 172, 120)",
          "opacity": 0.25
        }
      ],
      "properties": {
        "order": 4,
        "id": 2,
        "name": "lock",
        "prevSize": 32
      },
      "setIdx": 0,
      "setId": 3,
      "iconIdx": 0
    },
    {
      "icon": {
        "paths": [
          "M512 512c94.293 0 170.667-76.373 170.667-170.667s-76.373-170.667-170.667-170.667c-94.293 0-170.667 76.373-170.667 170.667s76.373 170.667 170.667 170.667zM512 597.333c-113.92 0-341.333 57.173-341.333 170.667v42.667c0 23.467 19.2 42.667 42.667 42.667h597.333c23.467 0 42.667-19.2 42.667-42.667v-42.667c0-113.493-227.413-170.667-341.333-170.667z"
        ],
        "attrs": [
          {
            "fill": "rgb(97, 130, 100)"
          }
        ],
        "isMulticolor": false,
        "isMulticolor2": false,
        "grid": 0,
        "tags": [
          "person"
        ],
        "colorPermutations": {
          "1211721201971301001": [
            {
              "f": 0
            }
          ]
        }
      },
      "attrs": [
        {
          "fill": "rgb(97, 130, 100)"
        }
      ],
      "properties": {
        "order": 5,
        "id": 1,
        "name": "person",
        "prevSize": 32
      },
      "setIdx": 0,
      "setId": 3,
      "iconIdx": 1
    },
    {
      "icon": {
        "paths": [
          "M628.322 591.578l-78.43-8.956c-18.833-2.159-37.359 4.326-50.637 17.6l-56.815 56.815c-87.381-44.463-159.016-115.789-203.479-203.477l57.122-57.125c13.277-13.277 19.761-31.803 17.6-50.639l-8.954-77.81c-3.705-31.186-29.951-54.653-61.445-54.653h-53.417c-34.891 0-63.916 29.024-61.754 63.916 16.365 263.692 227.255 474.273 490.634 490.636 34.893 2.163 63.915-26.863 63.915-61.751v-53.419c0.311-31.185-23.155-57.429-54.34-61.137v0z"
        ],
        "attrs": [
          {
            "fill": "rgb(121, 172, 120)",
            "opacity": 0.25
          }
        ],
        "width": 768,
        "isMulticolor": false,
        "isMulticolor2": false,
        "grid": 0,
        "tags": [
          "phone"
        ],
        "colorPermutations": {
          "1211721201971301001": [
            {
              "f": 1
            }
          ]
        }
      },
      "attrs": [
        {
          "fill": "rgb(121, 172, 120)",
          "opacity": 0.25
        }
      ],
      "properties": {
        "order": 6,
        "id": 0,
        "name": "phone",
        "prevSize": 32
      },
      "setIdx": 0,
      "setId": 3,
      "iconIdx": 2
    }
  ],
  "height": 1024,
  "preferences": {
    "showGlyphs": true,
    "showQuickUse": true,
    "showQuickUse2": true,
    "showSVGs": true,
    "fontPref": {
      "prefix": "icon-",
      "metadata": {
        "fontFamily": "icomoon"
      },
      "metrics": {
        "emSize": 1024,
        "baseline": 6.25,
        "whitespace": 50
      },
      "embed": false
    },
    "imagePref": {
      "prefix": "icon-",
      "png": true,
      "useClassSelector": true,
      "color": 0,
      "bgColor": 16777215,
      "classSelector": ".icon",
      "name": "icomoon"
    },
    "historySize": 50,
    "showCodes": true,
    "gridSize": 16
  }
}